{"A\u00f1o":{"0":2007,"1":2008,"2":2009,"3":2010,"4":2011,"5":2012,"6":2013,"7":2014,"8":2015,"9":2016,"10":2017,"11":2018,"12":2019,"13":2020,"14":2021,"15":2022,"16":2023,"17":"Variaci\u00f3n 2019-2023","18":"Variaci\u00f3n 2022-2023"},"% Hombre":{"0":0.7889466774,"1":0.7857322722,"2":0.7853467004,"3":0.7921595689,"4":0.7980148979,"5":0.801597989,"6":0.7941819644,"7":0.8007132625,"8":0.7994414577,"9":0.7986392826,"10":0.7962817531,"11":0.7935084053,"12":0.7919445445,"13":0.7864633245,"14":0.7798389583,"15":0.7823534109,"16":0.7836443701,"17":-0.830017442,"18":0.1290959256},"% Mujer":{"0":0.2110533226,"1":0.2142677278,"2":0.2146532996,"3":0.2078404311,"4":0.2019851021,"5":0.198402011,"6":0.2058180356,"7":0.1992867375,"8":0.2005585423,"9":0.2013607174,"10":0.2037182469,"11":0.2064915947,"12":0.2080554555,"13":0.2135366755,"14":0.2201610417,"15":0.2176465891,"16":0.2163556299,"17":0.830017442,"18":-0.1290959256},"Brecha M-H":{"0":-57.7893354878,"1":-57.1464544483,"2":-57.0693400762,"3":-58.431913775,"4":-59.6029795879,"5":-60.3195978095,"6":-58.8363928734,"7":-60.1426525029,"8":-59.8882915325,"9":-59.7278565287,"10":-59.2563506299,"11":-58.7016810628,"12":-58.3889089073,"13":-57.2926648961,"14":-55.9677916698,"15":-56.470682172,"16":-56.7288740233,"17":1.6600348839,"18":-0.2581918513},"Hombre":{"0":156243.0,"1":165377.0,"2":176414.0,"3":192856.0,"4":206227.0,"5":214296.0,"6":229162.0,"7":242034.0,"8":252195.0,"9":257308.0,"10":260584.0,"11":264666.0,"12":268135.0,"13":258516.0,"14":268079.0,"15":274351.0,"16":288646.0,"17":0.0764950491,"18":0.0521047855},"Mujer":{"0":41797.0,"1":45098.0,"2":48218.0,"3":50600.0,"4":52198.0,"5":53040.0,"6":59389.0,"7":60239.0,"8":63269.0,"9":64875.0,"10":66667.0,"11":68873.0,"12":70443.0,"13":70191.0,"14":75683.0,"15":76323.0,"16":79692.0,"17":0.1312976449,"18":0.0441413466},"Total":{"0":198040.0,"1":210475.0,"2":224632.0,"3":243456.0,"4":258425.0,"5":267336.0,"6":288551.0,"7":302273.0,"8":315464.0,"9":322183.0,"10":327251.0,"11":333539.0,"12":338578.0,"13":328707.0,"14":343762.0,"15":350674.0,"16":368338.0,"17":0.0878970282,"18":0.0503715702}}