{"A\u00f1o":{"0":2007,"1":2008,"2":2009,"3":2010,"4":2011,"5":2012,"6":2013,"7":2014,"8":2015,"9":2016,"10":2017,"11":2018,"12":2019,"13":2020,"14":2021,"15":2022,"16":2023,"17":"Variaci\u00f3n 2019-2023","18":"Variaci\u00f3n 2022-2023"},"% Hombre":{"0":0.809430952,"1":0.8006869676,"2":0.8026157312,"3":0.8185245019,"4":0.8252320178,"5":0.8247113719,"6":0.804674568,"7":0.8168266504,"8":0.8145995175,"9":0.816905183,"10":0.8142838707,"11":0.808810388,"12":0.8097297181,"13":0.8016502184,"14":0.8025729105,"15":0.8095837752,"16":0.8032972664,"17":-0.6432451727,"18":-0.6286508783},"% Mujer":{"0":0.190569048,"1":0.1993130324,"2":0.1973842688,"3":0.1814754981,"4":0.1747679822,"5":0.1752886281,"6":0.195325432,"7":0.1831733496,"8":0.1854004825,"9":0.183094817,"10":0.1857161293,"11":0.191189612,"12":0.1902702819,"13":0.1983497816,"14":0.1974270895,"15":0.1904162248,"16":0.1967027336,"17":0.6432451727,"18":0.6286508783},"Brecha M-H":{"0":-61.8861903918,"1":-60.1373935277,"2":-60.5231462457,"3":-63.704900377,"4":-65.046403567,"5":-64.9422743769,"6":-60.9349135933,"7":-63.3653300802,"8":-62.9199035059,"9":-63.3810366082,"10":-62.856774138,"11":-61.7620776011,"12":-61.945943626,"13":-60.3300436823,"14":-60.5145821011,"15":-61.9167550371,"16":-60.6594532805,"17":1.2864903455,"18":1.2573017566},"Hombre":{"0":50226.0,"1":51983.0,"2":56643.0,"3":63840.0,"4":65889.0,"5":65219.0,"6":72918.0,"7":76330.0,"8":76653.0,"9":76205.0,"10":75717.0,"11":73313.0,"12":75466.0,"13":69370.0,"14":70559.0,"15":73290.0,"16":81517.0,"17":0.0801818037,"18":0.1122526948},"Mujer":{"0":11825.0,"1":12940.0,"2":13930.0,"3":14154.0,"4":13954.0,"5":13862.0,"6":17700.0,"7":17117.0,"8":17446.0,"9":17080.0,"10":17269.0,"11":17330.0,"12":17733.0,"13":17164.0,"14":17357.0,"15":17238.0,"16":19961.0,"17":0.1256414594,"18":0.1579649611},"Total":{"0":62051.0,"1":64923.0,"2":70573.0,"3":77994.0,"4":79843.0,"5":79081.0,"6":90618.0,"7":93447.0,"8":94099.0,"9":93285.0,"10":92986.0,"11":90643.0,"12":93199.0,"13":86534.0,"14":87916.0,"15":90528.0,"16":101478.0,"17":0.0888314252,"18":0.120957052}}